{
    "models": {
        "llama3.2:3b": {
            "categorie": {
                "data_analysis": 864.7491333799165,
                "math": 984.736306793522
            }
        },
        "phi4-mini:3.8b": {
            "categorie": {
                "data_analysis": 944.0304606505852
            }
        },
        "mistral:7b": {
            "categorie": {
                "data_analysis": 1036.3122491122328
            }
        },
        "qwen2.5:7b": {
            "categorie": {
                "data_analysis": 967.9130213812824,
                "math": 1031.263693206478
            }
        },
        "deepscaler:1.5b": {
            "categorie": {
                "data_analysis": 1088.773435088836
            }
        },
        "deepcoder:1.5b": {
            "categorie": {
                "data_analysis": 1171.4646341246519
            }
        },
        "llama3.1:8b": {
            "categorie": {
                "data_analysis": 917.7516503437986,
                "math": 984.0
            }
        },
        "gemma3:4b": {
            "categorie": {
                "data_analysis": 1009.0054159186965
            }
        }
    },
    "timestamp": "2025-04-23T09:41:11.554042+00:00"
}