{
  "models": {
    "qwen3:4b": {
      "categorie": {
        "writing": 1282.450022758556,
        "roleplay": 1434.1021127237284,
        "math": 1300.4415829305406,
        "extraction": 1243.1138376843835,
        "stem": 1337.909254943679,
        "humanities": 1346.0710607275707
      }
    },
    "qwen3:0.6b": {
      "categorie": {
        "writing": 1132.5478993206982,
        "roleplay": 881.265364089063,
        "math": 1155.477850399683,
        "extraction": 1164.2462558774068,
        "stem": 926.7503832489675,
        "humanities": 951.8050736998466
      }
    },
    "llama3.2:1b": {
      "categorie": {
        "writing": 695.5244959206218,
        "roleplay": 781.6733495249456,
        "math": 748.9410282034901,
        "extraction": 843.889474036932,
        "stem": 752.4885100719101,
        "humanities": 855.0016131460874
      }
    },
    "Mistral-7B-Instruct-v0.3-GGUF:Q4_K_M": {
      "categorie": {
        "writing": 1002.1737380233358,
        "roleplay": 906.7415729717341,
        "math": 827.4464083267346,
        "extraction": 1014.4598356659748,
        "stem": 850.1973327232644,
        "humanities": 722.6350761873654
      }
    },
    "gemma3:4b": {
      "categorie": {
        "writing": 1083.123035423253,
        "roleplay": 1239.2281173314686,
        "math": 1122.514869388697,
        "extraction": 874.5932954681418,
        "stem": 1202.0579174888203,
        "humanities": 1254.3983133613756
      }
    },
    "qwen3:1.7b": {
      "categorie": {
        "writing": 1209.680423188011,
        "roleplay": 1210.4332870391906,
        "math": 1268.4303319338653,
        "extraction": 1209.1327913550317,
        "stem": 1434.07626686143,
        "humanities": 1186.654247832902
      }
    },
    "llama2:7b-chat": {
      "categorie": {
        "writing": 809.4951054174585,
        "roleplay": 890.2411708645362,
        "math": 720.9569470255126,
        "extraction": 969.3732108993224,
        "stem": 717.3540469796045,
        "humanities": 703.2248903187638
      }
    },
    "gemma:2b-instruct": {
      "categorie": {
        "writing": 836.5110024148913,
        "roleplay": 676.635525533182,
        "math": 763.4897938249705,
        "extraction": 743.8615319976196,
        "stem": 606.7198870139534,
        "humanities": 614.4330920018925
      }
    },
    "Ministral-8B-Instruct-2410-Q4_K_M:latest": {
      "categorie": {
        "writing": 978.3488876012244,
        "roleplay": 961.6043998182436,
        "math": 1075.350890377814,
        "extraction": 1021.4476527959096,
        "stem": 1045.5503835998115,
        "humanities": 1103.0716686586309
      }
    },
    "qwen3:8b": {
      "categorie": {
        "writing": 1366.0827227762234,
        "roleplay": 1476.3115596952039,
        "math": 1298.816405766304,
        "extraction": 1265.5781098417608,
        "stem": 1331.6327968650075,
        "humanities": 1553.8049761693626
      }
    },
    "qwen:7b-chat": {
      "categorie": {
        "writing": 699.3868231960469,
        "roleplay": 586.4131755470443,
        "math": 849.5430330552509,
        "extraction": 945.9026975080172,
        "stem": 615.0155852001099,
        "humanities": 602.9090026289174
      }
    },
    "llama3.2:3b": {
      "categorie": {
        "writing": 811.146322539294,
        "roleplay": 961.4666942255141,
        "math": 1018.0839033395259,
        "extraction": 873.0167012852855,
        "stem": 973.6702586714692,
        "humanities": 1028.1155333495522
      }
    },
    "gemma3:1b": {
      "categorie": {
        "writing": 1032.6817579862238,
        "roleplay": 931.081209665801,
        "math": 1001.5319241940575,
        "extraction": 810.2736012880139,
        "stem": 1093.645828442617,
        "humanities": 1011.6891340442273
      }
    },
    "gemma2:2b": {
      "categorie": {
        "writing": 1060.8477634341564,
        "roleplay": 1062.8024609703448,
        "math": 848.9750312335535,
        "extraction": 1021.1110042961917,
        "stem": 1112.9315478893598,
        "humanities": 1066.1863178735043
      }
    }
  },
  "timestamp": "2025-05-21T11:19:04.302444+00:00"
}
