{
    "models": {
        "gemma3:1b": {
            "categorie": {
                "writing": 1338.0015492267091,
                "roleplay": 1401.35693338411,
                "math": 1359.1798459406366,
                "extraction": 1368.5398592822937,
                "stem": 1402.2280317191212,
                "humanities": 1427.2312957583533
            }
        },
        "qwen3:0.6b": {
            "categorie": {
                "writing": 1380.3286463254633,
                "roleplay": 1393.9495027055139,
                "math": 1413.5453456616071,
                "extraction": 1390.8458629224685,
                "stem": 1391.2913149874107,
                "humanities": 1386.0756171545784
            }
        },
        "qwen3:1.7b": {
            "categorie": {
                "writing": 1401.1047479360018,
                "roleplay": 1395.4792983165514,
                "math": 1406.1980002041835,
                "extraction": 1419.3191690114636,
                "stem": 1393.5320648310285,
                "humanities": 1399.0963291565515
            }
        },
        "Ministral-8B-Instruct-2410-Q4_K_M:latest": {
            "categorie": {
                "writing": 1449.2379717646634,
                "roleplay": 1454.1006219760716,
                "math": 1413.7772231220538,
                "extraction": 1453.0730771738777,
                "stem": 1404.0520467199456,
                "humanities": 1364.3795849592616
            }
        },
        "llama3.2:1b": {
            "categorie": {
                "writing": 1421.994306844756,
                "roleplay": 1392.287666112151,
                "math": 1431.7310768320392,
                "extraction": 1408.6967021819958,
                "stem": 1410.6443229361237,
                "humanities": 1421.044363344122
            }
        },
        "Mistral-7B-Instruct-v0.3-GGUF:Q4_K_M": {
            "categorie": {
                "writing": 1437.8642529990668,
                "roleplay": 1416.0702450144083,
                "math": 1401.6961300938256,
                "extraction": 1431.4265992594112,
                "stem": 1403.5050647289574,
                "humanities": 1409.1333333485354
            }
        },
        "gemma2:2b": {
            "categorie": {
                "writing": 1398.1992511823105,
                "roleplay": 1353.6212782412192,
                "math": 1391.2305230678255,
                "extraction": 1375.7371477291188,
                "stem": 1379.8253098416546,
                "humanities": 1395.48212313003
            }
        },
        "qwen3:8b": {
            "categorie": {
                "writing": 1399.3510384905094,
                "roleplay": 1399.5371458714296,
                "math": 1456.5560103240775,
                "extraction": 1397.5507055866576,
                "stem": 1412.3662924138027,
                "humanities": 1399.6539221715564
            }
        },
        "qwen:7b-chat": {
            "categorie": {
                "writing": 1394.6590647075238,
                "roleplay": 1417.6820488355004,
                "math": 1396.7457846410996,
                "extraction": 1384.6902297864433,
                "stem": 1398.4776548678835,
                "humanities": 1395.760630908695
            }
        },
        "llama2:7b-chat": {
            "categorie": {
                "writing": 1448.1809635446796,
                "roleplay": 1370.708405818474,
                "math": 1377.278407554287,
                "extraction": 1416.6223314409988,
                "stem": 1398.4956956060396,
                "humanities": 1407.402520868293
            }
        },
        "gemma3:4b": {
            "categorie": {
                "writing": 1351.6269604649099,
                "roleplay": 1404.2661330464061,
                "math": 1361.6559830584129,
                "extraction": 1358.3090208394983,
                "stem": 1407.2835207095184,
                "humanities": 1408.5750914502698
            }
        },
        "gemma:2b-instruct": {
            "categorie": {
                "writing": 1362.5310529301094,
                "roleplay": 1405.5570306455118,
                "math": 1380.759308348771,
                "extraction": 1386.060132114901,
                "stem": 1389.1533821147552,
                "humanities": 1406.3125521048867
            }
        },
        "qwen3:4b": {
            "categorie": {
                "writing": 1389.9160251221335,
                "roleplay": 1386.2692416667971,
                "math": 1413.1339227582705,
                "extraction": 1404.8998078943882,
                "stem": 1380.8281912883617,
                "humanities": 1392.6496434024716
            }
        },
        "llama3.2:3b": {
            "categorie": {
                "writing": 1427.0041684611633,
                "roleplay": 1409.1144483658554,
                "math": 1396.5124383929103,
                "extraction": 1404.2293547764834,
                "stem": 1428.3171072353975,
                "humanities": 1387.2029922423949
            }
        }
    },
    "timestamp": "2025-05-19T21:04:08.636254+00:00"
}