{
    "models": {
        "gemma2:2b": {
            "categorie": {
                "writing": 1090.2551446960133,
                "roleplay": 1139.9026583576,
                "math": 890.4169953605016,
                "extraction": 1023.465546798595,
                "stem": 929.2723178252644,
                "humanities": 988.6733149119827
            }
        },
        "qwen3:8b": {
            "categorie": {
                "writing": 1438.0198178385617,
                "roleplay": 1467.5502895615173,
                "math": 1280.1058263146215,
                "extraction": 1375.3345927451355,
                "stem": 1491.1820936780778,
                "humanities": 1627.3054601351434
            }
        },
        "gemma3:4b": {
            "categorie": {
                "writing": 1031.776734219744,
                "roleplay": 1447.9352306627145,
                "math": 1144.317868940478,
                "extraction": 919.2808328010715,
                "stem": 1284.8040935341958,
                "humanities": 1328.6000779970493
            }
        },
        "llama3.2:3b": {
            "categorie": {
                "writing": 852.7313978947467,
                "roleplay": 906.9578763730476,
                "math": 1015.2896410885187,
                "extraction": 903.205932318141,
                "stem": 921.3525270974731,
                "humanities": 979.1216414894997
            }
        },
        "qwen3:0.6b": {
            "categorie": {
                "writing": 1060.684585089269,
                "roleplay": 927.1722117895874,
                "math": 1206.609462530219,
                "extraction": 1119.617650770511,
                "stem": 1005.0628512222877,
                "humanities": 794.1381264417482
            }
        },
        "llama2:7b-chat": {
            "categorie": {
                "writing": 811.64764616511,
                "roleplay": 862.5515720067111,
                "math": 624.1210157505916,
                "extraction": 975.1356073040895,
                "stem": 696.7684254084671,
                "humanities": 825.2343182733136
            }
        },
        "qwen3:4b": {
            "categorie": {
                "writing": 1333.3119168665248,
                "roleplay": 1406.2832432445582,
                "math": 1303.5361155551755,
                "extraction": 1217.6616554590466,
                "stem": 1482.8097325441342,
                "humanities": 1613.5457052520237
            }
        },
        "Ministral-8B-Instruct-2410-Q4_K_M:latest": {
            "categorie": {
                "writing": 902.718290974729,
                "roleplay": 951.4461838920045,
                "math": 1113.3277667306568,
                "extraction": 1019.1969871513572,
                "stem": 1169.30604002769,
                "humanities": 1067.7258523029234
            }
        },
        "gemma3:1b": {
            "categorie": {
                "writing": 1042.9870702899132,
                "roleplay": 1030.8837147802171,
                "math": 1020.7626959785564,
                "extraction": 798.4665954409018,
                "stem": 958.276812997988,
                "humanities": 1106.3417347245838
            }
        },
        "qwen3:1.7b": {
            "categorie": {
                "writing": 1321.526114344005,
                "roleplay": 1343.93233343986,
                "math": 1227.6004467792477,
                "extraction": 1143.0037564606396,
                "stem": 1419.5031009529614,
                "humanities": 1439.3652867439116
            }
        },
        "qwen:7b-chat": {
            "categorie": {
                "writing": 621.4457786474292,
                "roleplay": 494.4199888026393,
                "math": 889.891863267696,
                "extraction": 881.4032692752045,
                "stem": 510.63247331918984,
                "humanities": 345.89515241345407
            }
        },
        "Mistral-7B-Instruct-v0.3-GGUF:Q4_K_M": {
            "categorie": {
                "writing": 909.256929907655,
                "roleplay": 765.1894320068282,
                "math": 848.0630563792962,
                "extraction": 934.7525214177626,
                "stem": 844.4875745693405,
                "humanities": 866.41097537326
            }
        },
        "gemma:2b-instruct": {
            "categorie": {
                "writing": 817.4973805177254,
                "roleplay": 481.22850802717556,
                "math": 802.5679874575791,
                "extraction": 808.8195562358393,
                "stem": 640.9948773470734,
                "humanities": 400.21016393862095
            }
        },
        "llama3.2:1b": {
            "categorie": {
                "writing": 766.1411925485725,
                "roleplay": 774.5467570555385,
                "math": 633.3892578668585,
                "extraction": 880.6554958217001,
                "stem": 645.5470794758588,
                "humanities": 617.4321900024864
            }
        }
    },
    "timestamp": "2025-05-23T00:46:48.922855+00:00"
}